updated_at_vn,updated_at_webgia,interest_rate_state,interest_rate_market,interest_rate_spread,market_method,trusted_count,trusted_top3_used,trusted_top3_rates,n_big4,n_private,big4_used,source,note
2026-02-06 10:34:00,2026-02-06 10:30:23,4.92,5.32,0.4,fallback_trusted_mean,2,"VPBank, MB","5.8, 4.85",4,20,"Agribank, BIDV, Vietcombank, VietinBank",https://webgia.com/lai-suat/,term=12 tháng | state=AVG(Big4) | market=TOP3_TRUSTED_MEAN
2026-02-06 10:49:06,2026-02-06 10:40:22,4.92,5.32,0.4,fallback_trusted_mean,2,"VPBank, MB","5.8, 4.85",4,20,"Agribank, BIDV, Vietcombank, VietinBank",https://webgia.com/lai-suat/,term=12 tháng | state=AVG(Big4) | market=TOP3_TRUSTED_MEAN
2026-02-06 11:18:51,2026-02-06 11:10:23,4.92,5.32,0.4,fallback_trusted_mean,2,"VPBank, MB","5.8, 4.85",4,20,"Agribank, BIDV, Vietcombank, VietinBank",https://webgia.com/lai-suat/,term=12 tháng | state=AVG(Big4) | market=TOP3_TRUSTED_MEAN
2026-02-06 12:33:20,2026-02-06 12:30:23,4.92,5.32,0.4,fallback_trusted_mean,2,"VPBank, MB","5.8, 4.85",4,20,"Agribank, BIDV, Vietcombank, VietinBank",https://webgia.com/lai-suat/,term=12 tháng | state=AVG(Big4) | market=TOP3_TRUSTED_MEAN
2026-02-06 13:08:53,2026-02-06 13:00:23,4.92,5.32,0.4,fallback_trusted_mean,2,"VPBank, MB","5.8, 4.85",4,20,"Agribank, BIDV, Vietcombank, VietinBank",https://webgia.com/lai-suat/,term=12 tháng | state=AVG(Big4) | market=TOP3_TRUSTED_MEAN
2026-02-06 14:16:36,2026-02-06 14:10:23,4.92,5.32,0.4,fallback_trusted_mean,2,"VPBank, MB","5.8, 4.85",4,20,"Agribank, BIDV, Vietcombank, VietinBank",https://webgia.com/lai-suat/,term=12 tháng | state=AVG(Big4) | market=TOP3_TRUSTED_MEAN
2026-02-06 15:00:44,2026-02-06 15:00:23,4.92,5.32,0.4,fallback_trusted_mean,2,"VPBank, MB","5.8, 4.85",4,20,"Agribank, BIDV, Vietcombank, VietinBank",https://webgia.com/lai-suat/,term=12 tháng | state=AVG(Big4) | market=TOP3_TRUSTED_MEAN
2026-02-06 15:43:32,2026-02-06 15:40:23,4.92,5.32,0.4,fallback_trusted_mean,2,"VPBank, MB","5.8, 4.85",4,20,"Agribank, BIDV, Vietcombank, VietinBank",https://webgia.com/lai-suat/,term=12 tháng | state=AVG(Big4) | market=TOP3_TRUSTED_MEAN
2026-02-06 16:32:32,2026-02-06 16:30:23,4.92,5.32,0.4,fallback_trusted_mean,2,"VPBank, MB","5.8, 4.85",4,20,"Agribank, BIDV, Vietcombank, VietinBank",https://webgia.com/lai-suat/,term=12 tháng | state=AVG(Big4) | market=TOP3_TRUSTED_MEAN
2026-02-06 17:28:14,2026-02-06 17:20:23,4.92,5.32,0.4,fallback_trusted_mean,2,"VPBank, MB","5.8, 4.85",4,20,"Agribank, BIDV, Vietcombank, VietinBank",https://webgia.com/lai-suat/,term=12 tháng | state=AVG(Big4) | market=TOP3_TRUSTED_MEAN
2026-02-06 18:07:06,2026-02-06 18:00:23,4.92,5.32,0.4,fallback_trusted_mean,2,"VPBank, MB","5.8, 4.85",4,20,"Agribank, BIDV, Vietcombank, VietinBank",https://webgia.com/lai-suat/,term=12 tháng | state=AVG(Big4) | market=TOP3_TRUSTED_MEAN
2026-02-06 18:51:54,2026-02-06 18:50:23,4.92,5.32,0.4,fallback_trusted_mean,2,"VPBank, MB","5.8, 4.85",4,20,"Agribank, BIDV, Vietcombank, VietinBank",https://webgia.com/lai-suat/,term=12 tháng | state=AVG(Big4) | market=TOP3_TRUSTED_MEAN
2026-02-06 19:30:31,2026-02-06 18:50:23,4.92,5.32,0.4,fallback_trusted_mean,2,"VPBank, MB","5.8, 4.85",4,20,"Agribank, BIDV, Vietcombank, VietinBank",https://webgia.com/lai-suat/,term=12 tháng | state=AVG(Big4) | market=TOP3_TRUSTED_MEAN
2026-02-06 20:41:52,2026-02-06 18:50:23,4.92,5.32,0.4,fallback_trusted_mean,2,"VPBank, MB","5.8, 4.85",4,20,"Agribank, BIDV, Vietcombank, VietinBank",https://webgia.com/lai-suat/,term=12 tháng | state=AVG(Big4) | market=TOP3_TRUSTED_MEAN
2026-02-06 21:33:28,2026-02-06 18:50:23,4.92,5.32,0.4,fallback_trusted_mean,2,"VPBank, MB","5.8, 4.85",4,20,"Agribank, BIDV, Vietcombank, VietinBank",https://webgia.com/lai-suat/,term=12 tháng | state=AVG(Big4) | market=TOP3_TRUSTED_MEAN
2026-02-06 22:29:25,2026-02-06 18:50:23,4.92,5.32,0.4,fallback_trusted_mean,2,"VPBank, MB","5.8, 4.85",4,20,"Agribank, BIDV, Vietcombank, VietinBank",https://webgia.com/lai-suat/,term=12 tháng | state=AVG(Big4) | market=TOP3_TRUSTED_MEAN
2026-02-06 23:04:29,2026-02-06 18:50:23,4.92,5.32,0.4,fallback_trusted_mean,2,"VPBank, MB","5.8, 4.85",4,20,"Agribank, BIDV, Vietcombank, VietinBank",https://webgia.com/lai-suat/,term=12 tháng | state=AVG(Big4) | market=TOP3_TRUSTED_MEAN
2026-02-07 00:08:51,2026-02-06 18:50:23,4.92,5.32,0.4,fallback_trusted_mean,2,"VPBank, MB","5.8, 4.85",4,20,"Agribank, BIDV, Vietcombank, VietinBank",https://webgia.com/lai-suat/,term=12 tháng | state=AVG(Big4) | market=TOP3_TRUSTED_MEAN
2026-02-07 01:03:45,2026-02-06 18:50:23,4.92,5.32,0.4,fallback_trusted_mean,2,"VPBank, MB","5.8, 4.85",4,20,"Agribank, BIDV, Vietcombank, VietinBank",https://webgia.com/lai-suat/,term=12 tháng | state=AVG(Big4) | market=TOP3_TRUSTED_MEAN
2026-02-07 02:11:23,2026-02-06 18:50:23,4.92,5.32,0.4,fallback_trusted_mean,2,"VPBank, MB","5.8, 4.85",4,20,"Agribank, BIDV, Vietcombank, VietinBank",https://webgia.com/lai-suat/,term=12 tháng | state=AVG(Big4) | market=TOP3_TRUSTED_MEAN
2026-02-07 02:53:10,2026-02-06 18:50:23,4.92,5.32,0.4,fallback_trusted_mean,2,"VPBank, MB","5.8, 4.85",4,20,"Agribank, BIDV, Vietcombank, VietinBank",https://webgia.com/lai-suat/,term=12 tháng | state=AVG(Big4) | market=TOP3_TRUSTED_MEAN
2026-02-07 03:20:29,2026-02-06 18:50:23,4.92,5.32,0.4,fallback_trusted_mean,2,"VPBank, MB","5.8, 4.85",4,20,"Agribank, BIDV, Vietcombank, VietinBank",https://webgia.com/lai-suat/,term=12 tháng | state=AVG(Big4) | market=TOP3_TRUSTED_MEAN
2026-02-07 03:55:58,2026-02-06 18:50:23,4.92,5.32,0.4,fallback_trusted_mean,2,"VPBank, MB","5.8, 4.85",4,20,"Agribank, BIDV, Vietcombank, VietinBank",https://webgia.com/lai-suat/,term=12 tháng | state=AVG(Big4) | market=TOP3_TRUSTED_MEAN
2026-02-07 04:19:38,2026-02-06 18:50:23,4.92,5.32,0.4,fallback_trusted_mean,2,"VPBank, MB","5.8, 4.85",4,20,"Agribank, BIDV, Vietcombank, VietinBank",https://webgia.com/lai-suat/,term=12 tháng | state=AVG(Big4) | market=TOP3_TRUSTED_MEAN
2026-02-07 04:50:20,2026-02-06 18:50:23,4.92,5.32,0.4,fallback_trusted_mean,2,"VPBank, MB","5.8, 4.85",4,20,"Agribank, BIDV, Vietcombank, VietinBank",https://webgia.com/lai-suat/,term=12 tháng | state=AVG(Big4) | market=TOP3_TRUSTED_MEAN
2026-02-07 05:11:22,2026-02-06 18:50:23,4.92,5.32,0.4,fallback_trusted_mean,2,"VPBank, MB","5.8, 4.85",4,20,"Agribank, BIDV, Vietcombank, VietinBank",https://webgia.com/lai-suat/,term=12 tháng | state=AVG(Big4) | market=TOP3_TRUSTED_MEAN
2026-02-07 05:48:03,2026-02-06 18:50:23,4.92,5.32,0.4,fallback_trusted_mean,2,"VPBank, MB","5.8, 4.85",4,20,"Agribank, BIDV, Vietcombank, VietinBank",https://webgia.com/lai-suat/,term=12 tháng | state=AVG(Big4) | market=TOP3_TRUSTED_MEAN
2026-02-07 06:15:01,2026-02-06 18:50:23,4.92,5.32,0.4,fallback_trusted_mean,2,"VPBank, MB","5.8, 4.85",4,20,"Agribank, BIDV, Vietcombank, VietinBank",https://webgia.com/lai-suat/,term=12 tháng | state=AVG(Big4) | market=TOP3_TRUSTED_MEAN
2026-02-07 06:45:57,2026-02-06 18:50:23,4.92,5.32,0.4,fallback_trusted_mean,2,"VPBank, MB","5.8, 4.85",4,20,"Agribank, BIDV, Vietcombank, VietinBank",https://webgia.com/lai-suat/,term=12 tháng | state=AVG(Big4) | market=TOP3_TRUSTED_MEAN
2026-02-07 07:57:15,2026-02-07 07:50:24,4.92,5.32,0.4,fallback_trusted_mean,2,"VPBank, MB","5.8, 4.85",4,20,"Agribank, BIDV, Vietcombank, VietinBank",https://webgia.com/lai-suat/,term=12 tháng | state=AVG(Big4) | market=TOP3_TRUSTED_MEAN
2026-02-07 10:21:11,2026-02-07 10:20:23,4.92,5.32,0.4,fallback_trusted_mean,2,"VPBank, MB","5.8, 4.85",4,20,"Agribank, BIDV, Vietcombank, VietinBank",https://webgia.com/lai-suat/,term=12 tháng | state=AVG(Big4) | market=TOP3_TRUSTED_MEAN
2026-02-07 11:50:29,2026-02-07 11:50:23,4.92,5.32,0.4,fallback_trusted_mean,2,"VPBank, MB","5.8, 4.85",4,20,"Agribank, BIDV, Vietcombank, VietinBank",https://webgia.com/lai-suat/,term=12 tháng | state=AVG(Big4) | market=TOP3_TRUSTED_MEAN
2026-02-07 12:34:06,2026-02-07 12:30:23,4.92,5.32,0.4,fallback_trusted_mean,2,"VPBank, MB","5.8, 4.85",4,20,"Agribank, BIDV, Vietcombank, VietinBank",https://webgia.com/lai-suat/,term=12 tháng | state=AVG(Big4) | market=TOP3_TRUSTED_MEAN
2026-02-07 13:27:25,2026-02-07 13:20:23,4.92,5.32,0.4,fallback_trusted_mean,2,"VPBank, MB","5.8, 4.85",4,20,"Agribank, BIDV, Vietcombank, VietinBank",https://webgia.com/lai-suat/,term=12 tháng | state=AVG(Big4) | market=TOP3_TRUSTED_MEAN
2026-02-07 14:06:31,2026-02-07 14:00:23,4.92,5.32,0.4,fallback_trusted_mean,2,"VPBank, MB","5.8, 4.85",4,20,"Agribank, BIDV, Vietcombank, VietinBank",https://webgia.com/lai-suat/,term=12 tháng | state=AVG(Big4) | market=TOP3_TRUSTED_MEAN
2026-02-07 14:49:21,2026-02-07 14:40:22,4.92,5.32,0.4,fallback_trusted_mean,2,"VPBank, MB","5.8, 4.85",4,20,"Agribank, BIDV, Vietcombank, VietinBank",https://webgia.com/lai-suat/,term=12 tháng | state=AVG(Big4) | market=TOP3_TRUSTED_MEAN
2026-02-07 15:16:35,2026-02-07 15:10:23,4.92,5.32,0.4,fallback_trusted_mean,2,"VPBank, MB","5.8, 4.85",4,20,"Agribank, BIDV, Vietcombank, VietinBank",https://webgia.com/lai-suat/,term=12 tháng | state=AVG(Big4) | market=TOP3_TRUSTED_MEAN
2026-02-07 15:53:23,2026-02-07 15:50:22,4.92,5.32,0.4,fallback_trusted_mean,2,"VPBank, MB","5.8, 4.85",4,20,"Agribank, BIDV, Vietcombank, VietinBank",https://webgia.com/lai-suat/,term=12 tháng | state=AVG(Big4) | market=TOP3_TRUSTED_MEAN
2026-02-07 16:19:17,2026-02-07 16:10:23,4.92,5.32,0.4,fallback_trusted_mean,2,"VPBank, MB","5.8, 4.85",4,20,"Agribank, BIDV, Vietcombank, VietinBank",https://webgia.com/lai-suat/,term=12 tháng | state=AVG(Big4) | market=TOP3_TRUSTED_MEAN
2026-02-07 16:51:18,2026-02-07 16:50:23,4.92,5.32,0.4,fallback_trusted_mean,2,"VPBank, MB","5.8, 4.85",4,20,"Agribank, BIDV, Vietcombank, VietinBank",https://webgia.com/lai-suat/,term=12 tháng | state=AVG(Big4) | market=TOP3_TRUSTED_MEAN
2026-02-07 17:13:33,2026-02-07 17:10:22,4.92,5.32,0.4,fallback_trusted_mean,2,"VPBank, MB","5.8, 4.85",4,20,"Agribank, BIDV, Vietcombank, VietinBank",https://webgia.com/lai-suat/,term=12 tháng | state=AVG(Big4) | market=TOP3_TRUSTED_MEAN
2026-02-07 17:49:58,2026-02-07 17:40:23,4.92,5.32,0.4,fallback_trusted_mean,2,"VPBank, MB","5.8, 4.85",4,20,"Agribank, BIDV, Vietcombank, VietinBank",https://webgia.com/lai-suat/,term=12 tháng | state=AVG(Big4) | market=TOP3_TRUSTED_MEAN
2026-02-07 18:12:47,2026-02-07 18:10:23,4.92,5.32,0.4,fallback_trusted_mean,2,"VPBank, MB","5.8, 4.85",4,20,"Agribank, BIDV, Vietcombank, VietinBank",https://webgia.com/lai-suat/,term=12 tháng | state=AVG(Big4) | market=TOP3_TRUSTED_MEAN
2026-02-07 18:41:53,2026-02-07 18:40:23,4.92,5.32,0.4,fallback_trusted_mean,2,"VPBank, MB","5.8, 4.85",4,20,"Agribank, BIDV, Vietcombank, VietinBank",https://webgia.com/lai-suat/,term=12 tháng | state=AVG(Big4) | market=TOP3_TRUSTED_MEAN
2026-02-07 19:21:35,2026-02-07 18:50:23,4.92,5.32,0.4,fallback_trusted_mean,2,"VPBank, MB","5.8, 4.85",4,20,"Agribank, BIDV, Vietcombank, VietinBank",https://webgia.com/lai-suat/,term=12 tháng | state=AVG(Big4) | market=TOP3_TRUSTED_MEAN
2026-02-07 20:15:42,2026-02-07 18:50:23,4.92,5.32,0.4,fallback_trusted_mean,2,"VPBank, MB","5.8, 4.85",4,20,"Agribank, BIDV, Vietcombank, VietinBank",https://webgia.com/lai-suat/,term=12 tháng | state=AVG(Big4) | market=TOP3_TRUSTED_MEAN
2026-02-07 20:57:19,2026-02-07 18:50:23,4.92,5.32,0.4,fallback_trusted_mean,2,"VPBank, MB","5.8, 4.85",4,20,"Agribank, BIDV, Vietcombank, VietinBank",https://webgia.com/lai-suat/,term=12 tháng | state=AVG(Big4) | market=TOP3_TRUSTED_MEAN
2026-02-07 21:18:43,2026-02-07 18:50:23,4.92,5.32,0.4,fallback_trusted_mean,2,"VPBank, MB","5.8, 4.85",4,20,"Agribank, BIDV, Vietcombank, VietinBank",https://webgia.com/lai-suat/,term=12 tháng | state=AVG(Big4) | market=TOP3_TRUSTED_MEAN
2026-02-07 21:49:29,2026-02-07 18:50:23,4.92,5.32,0.4,fallback_trusted_mean,2,"VPBank, MB","5.8, 4.85",4,20,"Agribank, BIDV, Vietcombank, VietinBank",https://webgia.com/lai-suat/,term=12 tháng | state=AVG(Big4) | market=TOP3_TRUSTED_MEAN
2026-02-07 22:14:09,2026-02-07 18:50:23,4.92,5.32,0.4,fallback_trusted_mean,2,"VPBank, MB","5.8, 4.85",4,20,"Agribank, BIDV, Vietcombank, VietinBank",https://webgia.com/lai-suat/,term=12 tháng | state=AVG(Big4) | market=TOP3_TRUSTED_MEAN
2026-02-07 22:45:57,2026-02-07 18:50:23,4.92,5.32,0.4,fallback_trusted_mean,2,"VPBank, MB","5.8, 4.85",4,20,"Agribank, BIDV, Vietcombank, VietinBank",https://webgia.com/lai-suat/,term=12 tháng | state=AVG(Big4) | market=TOP3_TRUSTED_MEAN
2026-02-07 23:15:30,2026-02-07 18:50:23,4.92,5.32,0.4,fallback_trusted_mean,2,"VPBank, MB","5.8, 4.85",4,20,"Agribank, BIDV, Vietcombank, VietinBank",https://webgia.com/lai-suat/,term=12 tháng | state=AVG(Big4) | market=TOP3_TRUSTED_MEAN
2026-02-07 23:53:41,2026-02-07 18:50:23,4.92,5.32,0.4,fallback_trusted_mean,2,"VPBank, MB","5.8, 4.85",4,20,"Agribank, BIDV, Vietcombank, VietinBank",https://webgia.com/lai-suat/,term=12 tháng | state=AVG(Big4) | market=TOP3_TRUSTED_MEAN
2026-02-08 00:16:45,2026-02-07 18:50:23,4.92,5.32,0.4,fallback_trusted_mean,2,"VPBank, MB","5.8, 4.85",4,20,"Agribank, BIDV, Vietcombank, VietinBank",https://webgia.com/lai-suat/,term=12 tháng | state=AVG(Big4) | market=TOP3_TRUSTED_MEAN
2026-02-08 00:48:30,2026-02-07 18:50:23,4.92,5.32,0.4,fallback_trusted_mean,2,"VPBank, MB","5.8, 4.85",4,20,"Agribank, BIDV, Vietcombank, VietinBank",https://webgia.com/lai-suat/,term=12 tháng | state=AVG(Big4) | market=TOP3_TRUSTED_MEAN
2026-02-08 01:17:52,2026-02-07 18:50:23,4.92,5.32,0.4,fallback_trusted_mean,2,"VPBank, MB","5.8, 4.85",4,20,"Agribank, BIDV, Vietcombank, VietinBank",https://webgia.com/lai-suat/,term=12 tháng | state=AVG(Big4) | market=TOP3_TRUSTED_MEAN
2026-02-08 01:57:40,2026-02-07 18:50:23,4.92,5.32,0.4,fallback_trusted_mean,2,"VPBank, MB","5.8, 4.85",4,20,"Agribank, BIDV, Vietcombank, VietinBank",https://webgia.com/lai-suat/,term=12 tháng | state=AVG(Big4) | market=TOP3_TRUSTED_MEAN
2026-02-08 02:19:33,2026-02-07 18:50:23,4.92,5.32,0.4,fallback_trusted_mean,2,"VPBank, MB","5.8, 4.85",4,20,"Agribank, BIDV, Vietcombank, VietinBank",https://webgia.com/lai-suat/,term=12 tháng | state=AVG(Big4) | market=TOP3_TRUSTED_MEAN
2026-02-08 02:42:34,2026-02-07 18:50:23,4.92,5.32,0.4,fallback_trusted_mean,2,"VPBank, MB","5.8, 4.85",4,20,"Agribank, BIDV, Vietcombank, VietinBank",https://webgia.com/lai-suat/,term=12 tháng | state=AVG(Big4) | market=TOP3_TRUSTED_MEAN
2026-02-08 03:13:13,2026-02-07 18:50:23,4.92,5.32,0.4,fallback_trusted_mean,2,"VPBank, MB","5.8, 4.85",4,20,"Agribank, BIDV, Vietcombank, VietinBank",https://webgia.com/lai-suat/,term=12 tháng | state=AVG(Big4) | market=TOP3_TRUSTED_MEAN
2026-02-08 03:48:10,2026-02-07 18:50:23,4.92,5.32,0.4,fallback_trusted_mean,2,"VPBank, MB","5.8, 4.85",4,20,"Agribank, BIDV, Vietcombank, VietinBank",https://webgia.com/lai-suat/,term=12 tháng | state=AVG(Big4) | market=TOP3_TRUSTED_MEAN
2026-02-08 04:15:37,2026-02-07 18:50:23,4.92,5.32,0.4,fallback_trusted_mean,2,"VPBank, MB","5.8, 4.85",4,20,"Agribank, BIDV, Vietcombank, VietinBank",https://webgia.com/lai-suat/,term=12 tháng | state=AVG(Big4) | market=TOP3_TRUSTED_MEAN
2026-02-08 04:46:18,2026-02-07 18:50:23,4.92,5.32,0.4,fallback_trusted_mean,2,"VPBank, MB","5.8, 4.85",4,20,"Agribank, BIDV, Vietcombank, VietinBank",https://webgia.com/lai-suat/,term=12 tháng | state=AVG(Big4) | market=TOP3_TRUSTED_MEAN
2026-02-08 05:14:08,2026-02-07 18:50:23,4.92,5.32,0.4,fallback_trusted_mean,2,"VPBank, MB","5.8, 4.85",4,20,"Agribank, BIDV, Vietcombank, VietinBank",https://webgia.com/lai-suat/,term=12 tháng | state=AVG(Big4) | market=TOP3_TRUSTED_MEAN
2026-02-08 05:51:21,2026-02-07 18:50:23,4.92,5.32,0.4,fallback_trusted_mean,2,"VPBank, MB","5.8, 4.85",4,20,"Agribank, BIDV, Vietcombank, VietinBank",https://webgia.com/lai-suat/,term=12 tháng | state=AVG(Big4) | market=TOP3_TRUSTED_MEAN
2026-02-08 06:17:34,2026-02-07 18:50:23,4.92,5.32,0.4,fallback_trusted_mean,2,"VPBank, MB","5.8, 4.85",4,20,"Agribank, BIDV, Vietcombank, VietinBank",https://webgia.com/lai-suat/,term=12 tháng | state=AVG(Big4) | market=TOP3_TRUSTED_MEAN
2026-02-08 06:52:43,2026-02-07 18:50:23,4.92,5.32,0.4,fallback_trusted_mean,2,"VPBank, MB","5.8, 4.85",4,20,"Agribank, BIDV, Vietcombank, VietinBank",https://webgia.com/lai-suat/,term=12 tháng | state=AVG(Big4) | market=TOP3_TRUSTED_MEAN
2026-02-08 08:18:24,2026-02-08 08:10:23,4.92,5.32,0.4,fallback_trusted_mean,2,"VPBank, MB","5.8, 4.85",4,20,"Agribank, BIDV, Vietcombank, VietinBank",https://webgia.com/lai-suat/,term=12 tháng | state=AVG(Big4) | market=TOP3_TRUSTED_MEAN
2026-02-08 11:12:24,2026-02-08 11:10:23,4.92,5.32,0.4,fallback_trusted_mean,2,"VPBank, MB","5.8, 4.85",4,20,"Agribank, BIDV, Vietcombank, VietinBank",https://webgia.com/lai-suat/,term=12 tháng | state=AVG(Big4) | market=TOP3_TRUSTED_MEAN
2026-02-08 12:44:20,2026-02-08 12:40:23,4.92,5.32,0.4,fallback_trusted_mean,2,"VPBank, MB","5.8, 4.85",4,20,"Agribank, BIDV, Vietcombank, VietinBank",https://webgia.com/lai-suat/,term=12 tháng | state=AVG(Big4) | market=TOP3_TRUSTED_MEAN
2026-02-08 13:36:07,2026-02-08 13:30:23,4.92,5.32,0.4,fallback_trusted_mean,2,"VPBank, MB","5.8, 4.85",4,20,"Agribank, BIDV, Vietcombank, VietinBank",https://webgia.com/lai-suat/,term=12 tháng | state=AVG(Big4) | market=TOP3_TRUSTED_MEAN
2026-02-08 14:31:38,2026-02-08 14:30:23,4.92,5.32,0.4,fallback_trusted_mean,2,"VPBank, MB","5.8, 4.85",4,20,"Agribank, BIDV, Vietcombank, VietinBank",https://webgia.com/lai-suat/,term=12 tháng | state=AVG(Big4) | market=TOP3_TRUSTED_MEAN
2026-02-08 15:19:21,2026-02-08 15:10:23,4.92,5.32,0.4,fallback_trusted_mean,2,"VPBank, MB","5.8, 4.85",4,20,"Agribank, BIDV, Vietcombank, VietinBank",https://webgia.com/lai-suat/,term=12 tháng | state=AVG(Big4) | market=TOP3_TRUSTED_MEAN
2026-02-08 15:54:09,2026-02-08 15:50:23,4.92,5.32,0.4,fallback_trusted_mean,2,"VPBank, MB","5.8, 4.85",4,20,"Agribank, BIDV, Vietcombank, VietinBank",https://webgia.com/lai-suat/,term=12 tháng | state=AVG(Big4) | market=TOP3_TRUSTED_MEAN
2026-02-08 16:19:21,2026-02-08 16:10:23,4.92,5.32,0.4,fallback_trusted_mean,2,"VPBank, MB","5.8, 4.85",4,20,"Agribank, BIDV, Vietcombank, VietinBank",https://webgia.com/lai-suat/,term=12 tháng | state=AVG(Big4) | market=TOP3_TRUSTED_MEAN
2026-02-08 16:50:59,2026-02-08 16:50:23,4.92,5.32,0.4,fallback_trusted_mean,2,"VPBank, MB","5.8, 4.85",4,20,"Agribank, BIDV, Vietcombank, VietinBank",https://webgia.com/lai-suat/,term=12 tháng | state=AVG(Big4) | market=TOP3_TRUSTED_MEAN
2026-02-08 17:14:14,2026-02-08 17:10:23,4.92,5.32,0.4,fallback_trusted_mean,2,"VPBank, MB","5.8, 4.85",4,20,"Agribank, BIDV, Vietcombank, VietinBank",https://webgia.com/lai-suat/,term=12 tháng | state=AVG(Big4) | market=TOP3_TRUSTED_MEAN
2026-02-08 17:52:31,2026-02-08 17:50:23,4.92,5.32,0.4,fallback_trusted_mean,2,"VPBank, MB","5.8, 4.85",4,20,"Agribank, BIDV, Vietcombank, VietinBank",https://webgia.com/lai-suat/,term=12 tháng | state=AVG(Big4) | market=TOP3_TRUSTED_MEAN
2026-02-08 18:13:42,2026-02-08 18:10:23,4.92,5.32,0.4,fallback_trusted_mean,2,"VPBank, MB","5.8, 4.85",4,20,"Agribank, BIDV, Vietcombank, VietinBank",https://webgia.com/lai-suat/,term=12 tháng | state=AVG(Big4) | market=TOP3_TRUSTED_MEAN
2026-02-08 18:42:25,2026-02-08 18:40:23,4.92,5.32,0.4,fallback_trusted_mean,2,"VPBank, MB","5.8, 4.85",4,20,"Agribank, BIDV, Vietcombank, VietinBank",https://webgia.com/lai-suat/,term=12 tháng | state=AVG(Big4) | market=TOP3_TRUSTED_MEAN
2026-02-08 19:22:14,2026-02-08 18:50:23,4.92,5.32,0.4,fallback_trusted_mean,2,"VPBank, MB","5.8, 4.85",4,20,"Agribank, BIDV, Vietcombank, VietinBank",https://webgia.com/lai-suat/,term=12 tháng | state=AVG(Big4) | market=TOP3_TRUSTED_MEAN
2026-02-08 20:16:24,2026-02-08 18:50:23,4.92,5.32,0.4,fallback_trusted_mean,2,"VPBank, MB","5.8, 4.85",4,20,"Agribank, BIDV, Vietcombank, VietinBank",https://webgia.com/lai-suat/,term=12 tháng | state=AVG(Big4) | market=TOP3_TRUSTED_MEAN
2026-02-08 20:58:22,2026-02-08 18:50:23,4.92,5.32,0.4,fallback_trusted_mean,2,"VPBank, MB","5.8, 4.85",4,20,"Agribank, BIDV, Vietcombank, VietinBank",https://webgia.com/lai-suat/,term=12 tháng | state=AVG(Big4) | market=TOP3_TRUSTED_MEAN
2026-02-08 21:23:22,2026-02-08 18:50:23,4.92,5.32,0.4,fallback_trusted_mean,2,"VPBank, MB","5.8, 4.85",4,20,"Agribank, BIDV, Vietcombank, VietinBank",https://webgia.com/lai-suat/,term=12 tháng | state=AVG(Big4) | market=TOP3_TRUSTED_MEAN
2026-02-08 21:51:34,2026-02-08 18:50:23,4.92,5.32,0.4,fallback_trusted_mean,2,"VPBank, MB","5.8, 4.85",4,20,"Agribank, BIDV, Vietcombank, VietinBank",https://webgia.com/lai-suat/,term=12 tháng | state=AVG(Big4) | market=TOP3_TRUSTED_MEAN
2026-02-08 22:14:49,2026-02-08 18:50:23,4.92,5.32,0.4,fallback_trusted_mean,2,"VPBank, MB","5.8, 4.85",4,20,"Agribank, BIDV, Vietcombank, VietinBank",https://webgia.com/lai-suat/,term=12 tháng | state=AVG(Big4) | market=TOP3_TRUSTED_MEAN
2026-02-08 22:47:25,2026-02-08 18:50:23,4.92,5.32,0.4,fallback_trusted_mean,2,"VPBank, MB","5.8, 4.85",4,20,"Agribank, BIDV, Vietcombank, VietinBank",https://webgia.com/lai-suat/,term=12 tháng | state=AVG(Big4) | market=TOP3_TRUSTED_MEAN
2026-02-08 23:16:09,2026-02-08 18:50:23,4.92,5.32,0.4,fallback_trusted_mean,2,"VPBank, MB","5.8, 4.85",4,20,"Agribank, BIDV, Vietcombank, VietinBank",https://webgia.com/lai-suat/,term=12 tháng | state=AVG(Big4) | market=TOP3_TRUSTED_MEAN
2026-02-08 23:53:42,2026-02-08 18:50:23,4.92,5.32,0.4,fallback_trusted_mean,2,"VPBank, MB","5.8, 4.85",4,20,"Agribank, BIDV, Vietcombank, VietinBank",https://webgia.com/lai-suat/,term=12 tháng | state=AVG(Big4) | market=TOP3_TRUSTED_MEAN
2026-02-09 00:16:42,2026-02-08 18:50:23,4.92,5.32,0.4,fallback_trusted_mean,2,"VPBank, MB","5.8, 4.85",4,20,"Agribank, BIDV, Vietcombank, VietinBank",https://webgia.com/lai-suat/,term=12 tháng | state=AVG(Big4) | market=TOP3_TRUSTED_MEAN
2026-02-09 00:50:19,2026-02-08 18:50:23,4.92,5.32,0.4,fallback_trusted_mean,2,"VPBank, MB","5.8, 4.85",4,20,"Agribank, BIDV, Vietcombank, VietinBank",https://webgia.com/lai-suat/,term=12 tháng | state=AVG(Big4) | market=TOP3_TRUSTED_MEAN
2026-02-09 01:19:47,2026-02-08 18:50:23,4.92,5.32,0.4,fallback_trusted_mean,2,"VPBank, MB","5.8, 4.85",4,20,"Agribank, BIDV, Vietcombank, VietinBank",https://webgia.com/lai-suat/,term=12 tháng | state=AVG(Big4) | market=TOP3_TRUSTED_MEAN
2026-02-09 01:59:11,2026-02-08 18:50:23,4.92,5.32,0.4,fallback_trusted_mean,2,"VPBank, MB","5.8, 4.85",4,20,"Agribank, BIDV, Vietcombank, VietinBank",https://webgia.com/lai-suat/,term=12 tháng | state=AVG(Big4) | market=TOP3_TRUSTED_MEAN
2026-02-09 02:23:05,2026-02-08 18:50:23,4.92,5.32,0.4,fallback_trusted_mean,2,"VPBank, MB","5.8, 4.85",4,20,"Agribank, BIDV, Vietcombank, VietinBank",https://webgia.com/lai-suat/,term=12 tháng | state=AVG(Big4) | market=TOP3_TRUSTED_MEAN
2026-02-09 02:43:49,2026-02-08 18:50:23,4.92,5.32,0.4,fallback_trusted_mean,2,"VPBank, MB","5.8, 4.85",4,20,"Agribank, BIDV, Vietcombank, VietinBank",https://webgia.com/lai-suat/,term=12 tháng | state=AVG(Big4) | market=TOP3_TRUSTED_MEAN
2026-02-09 03:13:16,2026-02-08 18:50:23,4.92,5.32,0.4,fallback_trusted_mean,2,"VPBank, MB","5.8, 4.85",4,20,"Agribank, BIDV, Vietcombank, VietinBank",https://webgia.com/lai-suat/,term=12 tháng | state=AVG(Big4) | market=TOP3_TRUSTED_MEAN
2026-02-09 03:48:15,2026-02-08 18:50:23,4.92,5.32,0.4,fallback_trusted_mean,2,"VPBank, MB","5.8, 4.85",4,20,"Agribank, BIDV, Vietcombank, VietinBank",https://webgia.com/lai-suat/,term=12 tháng | state=AVG(Big4) | market=TOP3_TRUSTED_MEAN
2026-02-09 04:16:25,2026-02-08 18:50:23,4.92,5.32,0.4,fallback_trusted_mean,2,"VPBank, MB","5.8, 4.85",4,20,"Agribank, BIDV, Vietcombank, VietinBank",https://webgia.com/lai-suat/,term=12 tháng | state=AVG(Big4) | market=TOP3_TRUSTED_MEAN
2026-02-09 04:47:50,2026-02-08 18:50:23,4.92,5.32,0.4,fallback_trusted_mean,2,"VPBank, MB","5.8, 4.85",4,20,"Agribank, BIDV, Vietcombank, VietinBank",https://webgia.com/lai-suat/,term=12 tháng | state=AVG(Big4) | market=TOP3_TRUSTED_MEAN
2026-02-09 05:14:25,2026-02-08 18:50:23,4.92,5.32,0.4,fallback_trusted_mean,2,"VPBank, MB","5.8, 4.85",4,20,"Agribank, BIDV, Vietcombank, VietinBank",https://webgia.com/lai-suat/,term=12 tháng | state=AVG(Big4) | market=TOP3_TRUSTED_MEAN
2026-02-09 05:52:39,2026-02-08 18:50:23,4.92,5.32,0.4,fallback_trusted_mean,2,"VPBank, MB","5.8, 4.85",4,20,"Agribank, BIDV, Vietcombank, VietinBank",https://webgia.com/lai-suat/,term=12 tháng | state=AVG(Big4) | market=TOP3_TRUSTED_MEAN
2026-02-09 06:19:12,2026-02-08 18:50:23,4.92,5.32,0.4,fallback_trusted_mean,2,"VPBank, MB","5.8, 4.85",4,20,"Agribank, BIDV, Vietcombank, VietinBank",https://webgia.com/lai-suat/,term=12 tháng | state=AVG(Big4) | market=TOP3_TRUSTED_MEAN
2026-02-09 06:50:46,2026-02-08 18:50:23,4.92,5.32,0.4,fallback_trusted_mean,2,"VPBank, MB","5.8, 4.85",4,20,"Agribank, BIDV, Vietcombank, VietinBank",https://webgia.com/lai-suat/,term=12 tháng | state=AVG(Big4) | market=TOP3_TRUSTED_MEAN
2026-02-09 08:03:46,2026-02-09 08:00:24,4.92,5.32,0.4,fallback_trusted_mean,2,"VPBank, MB","5.8, 4.85",4,20,"Agribank, BIDV, Vietcombank, VietinBank",https://webgia.com/lai-suat/,term=12 tháng | state=AVG(Big4) | market=TOP3_TRUSTED_MEAN
2026-02-09 11:01:29,2026-02-09 11:00:23,4.92,5.32,0.4,fallback_trusted_mean,2,"VPBank, MB","5.8, 4.85",4,20,"Agribank, BIDV, Vietcombank, VietinBank",https://webgia.com/lai-suat/,term=12 tháng | state=AVG(Big4) | market=TOP3_TRUSTED_MEAN
2026-02-09 12:49:40,2026-02-09 12:40:23,4.92,5.32,0.4,fallback_trusted_mean,2,"VPBank, MB","5.8, 4.85",4,20,"Agribank, BIDV, Vietcombank, VietinBank",https://webgia.com/lai-suat/,term=12 tháng | state=AVG(Big4) | market=TOP3_TRUSTED_MEAN
2026-02-09 13:52:37,2026-02-09 13:50:23,4.92,5.32,0.4,fallback_trusted_mean,2,"VPBank, MB","5.8, 4.85",4,20,"Agribank, BIDV, Vietcombank, VietinBank",https://webgia.com/lai-suat/,term=12 tháng | state=AVG(Big4) | market=TOP3_TRUSTED_MEAN
2026-02-09 14:47:04,2026-02-09 14:40:22,4.92,5.32,0.4,fallback_trusted_mean,2,"VPBank, MB","5.8, 4.85",4,20,"Agribank, BIDV, Vietcombank, VietinBank",https://webgia.com/lai-suat/,term=12 tháng | state=AVG(Big4) | market=TOP3_TRUSTED_MEAN
2026-02-09 15:36:12,2026-02-09 15:30:23,4.92,5.32,0.4,fallback_trusted_mean,2,"VPBank, MB","5.8, 4.85",4,20,"Agribank, BIDV, Vietcombank, VietinBank",https://webgia.com/lai-suat/,term=12 tháng | state=AVG(Big4) | market=TOP3_TRUSTED_MEAN
2026-02-09 16:47:12,2026-02-09 16:40:23,4.92,5.32,0.4,fallback_trusted_mean,2,"VPBank, MB","5.8, 4.85",4,20,"Agribank, BIDV, Vietcombank, VietinBank",https://webgia.com/lai-suat/,term=12 tháng | state=AVG(Big4) | market=TOP3_TRUSTED_MEAN
2026-02-09 17:45:13,2026-02-09 17:40:23,4.92,5.32,0.4,fallback_trusted_mean,2,"VPBank, MB","5.8, 4.85",4,20,"Agribank, BIDV, Vietcombank, VietinBank",https://webgia.com/lai-suat/,term=12 tháng | state=AVG(Big4) | market=TOP3_TRUSTED_MEAN
2026-02-09 18:38:02,2026-02-09 18:30:23,4.92,5.32,0.4,fallback_trusted_mean,2,"VPBank, MB","5.8, 4.85",4,20,"Agribank, BIDV, Vietcombank, VietinBank",https://webgia.com/lai-suat/,term=12 tháng | state=AVG(Big4) | market=TOP3_TRUSTED_MEAN
2026-02-09 19:38:47,2026-02-09 18:50:23,4.92,5.32,0.4,fallback_trusted_mean,2,"VPBank, MB","5.8, 4.85",4,20,"Agribank, BIDV, Vietcombank, VietinBank",https://webgia.com/lai-suat/,term=12 tháng | state=AVG(Big4) | market=TOP3_TRUSTED_MEAN
2026-02-09 21:06:24,2026-02-09 18:50:23,4.92,5.32,0.4,fallback_trusted_mean,2,"VPBank, MB","5.8, 4.85",4,20,"Agribank, BIDV, Vietcombank, VietinBank",https://webgia.com/lai-suat/,term=12 tháng | state=AVG(Big4) | market=TOP3_TRUSTED_MEAN
2026-02-09 22:17:41,2026-02-09 18:50:23,4.92,5.32,0.4,fallback_trusted_mean,2,"VPBank, MB","5.8, 4.85",4,20,"Agribank, BIDV, Vietcombank, VietinBank",https://webgia.com/lai-suat/,term=12 tháng | state=AVG(Big4) | market=TOP3_TRUSTED_MEAN
2026-02-09 23:30:38,2026-02-09 18:50:23,4.92,5.32,0.4,fallback_trusted_mean,2,"VPBank, MB","5.8, 4.85",4,20,"Agribank, BIDV, Vietcombank, VietinBank",https://webgia.com/lai-suat/,term=12 tháng | state=AVG(Big4) | market=TOP3_TRUSTED_MEAN
2026-02-10 00:27:49,2026-02-09 18:50:23,4.92,5.32,0.4,fallback_trusted_mean,2,"VPBank, MB","5.8, 4.85",4,20,"Agribank, BIDV, Vietcombank, VietinBank",https://webgia.com/lai-suat/,term=12 tháng | state=AVG(Big4) | market=TOP3_TRUSTED_MEAN
2026-02-10 01:09:59,2026-02-09 18:50:23,4.92,5.32,0.4,fallback_trusted_mean,2,"VPBank, MB","5.8, 4.85",4,20,"Agribank, BIDV, Vietcombank, VietinBank",https://webgia.com/lai-suat/,term=12 tháng | state=AVG(Big4) | market=TOP3_TRUSTED_MEAN
2026-02-10 02:43:59,2026-02-09 18:50:23,4.92,5.32,0.4,fallback_trusted_mean,2,"VPBank, MB","5.8, 4.85",4,20,"Agribank, BIDV, Vietcombank, VietinBank",https://webgia.com/lai-suat/,term=12 tháng | state=AVG(Big4) | market=TOP3_TRUSTED_MEAN
2026-02-10 03:29:02,2026-02-09 18:50:23,4.92,5.32,0.4,fallback_trusted_mean,2,"VPBank, MB","5.8, 4.85",4,20,"Agribank, BIDV, Vietcombank, VietinBank",https://webgia.com/lai-suat/,term=12 tháng | state=AVG(Big4) | market=TOP3_TRUSTED_MEAN
2026-02-10 04:04:49,2026-02-09 18:50:23,4.92,5.32,0.4,fallback_trusted_mean,2,"VPBank, MB","5.8, 4.85",4,20,"Agribank, BIDV, Vietcombank, VietinBank",https://webgia.com/lai-suat/,term=12 tháng | state=AVG(Big4) | market=TOP3_TRUSTED_MEAN
2026-02-10 05:00:43,2026-02-09 18:50:23,4.92,5.32,0.4,fallback_trusted_mean,2,"VPBank, MB","5.8, 4.85",4,20,"Agribank, BIDV, Vietcombank, VietinBank",https://webgia.com/lai-suat/,term=12 tháng | state=AVG(Big4) | market=TOP3_TRUSTED_MEAN
2026-02-10 05:38:25,2026-02-09 18:50:23,4.92,5.32,0.4,fallback_trusted_mean,2,"VPBank, MB","5.8, 4.85",4,20,"Agribank, BIDV, Vietcombank, VietinBank",https://webgia.com/lai-suat/,term=12 tháng | state=AVG(Big4) | market=TOP3_TRUSTED_MEAN
2026-02-10 06:26:46,2026-02-09 18:50:23,4.92,5.32,0.4,fallback_trusted_mean,2,"VPBank, MB","5.8, 4.85",4,20,"Agribank, BIDV, Vietcombank, VietinBank",https://webgia.com/lai-suat/,term=12 tháng | state=AVG(Big4) | market=TOP3_TRUSTED_MEAN
2026-02-10 06:58:30,2026-02-09 18:50:23,4.92,5.32,0.4,fallback_trusted_mean,2,"VPBank, MB","5.8, 4.85",4,20,"Agribank, BIDV, Vietcombank, VietinBank",https://webgia.com/lai-suat/,term=12 tháng | state=AVG(Big4) | market=TOP3_TRUSTED_MEAN
2026-02-10 08:56:11,2026-02-10 08:50:24,4.92,5.32,0.4,fallback_trusted_mean,2,"VPBank, MB","5.8, 4.85",4,20,"Agribank, BIDV, Vietcombank, VietinBank",https://webgia.com/lai-suat/,term=12 tháng | state=AVG(Big4) | market=TOP3_TRUSTED_MEAN
2026-02-10 11:23:14,2026-02-10 11:20:23,4.92,5.32,0.4,fallback_trusted_mean,2,"VPBank, MB","5.8, 4.85",4,20,"Agribank, BIDV, Vietcombank, VietinBank",https://webgia.com/lai-suat/,term=12 tháng | state=AVG(Big4) | market=TOP3_TRUSTED_MEAN
2026-02-10 12:54:49,2026-02-10 12:50:23,4.92,5.32,0.4,fallback_trusted_mean,2,"VPBank, MB","5.8, 4.85",4,20,"Agribank, BIDV, Vietcombank, VietinBank",https://webgia.com/lai-suat/,term=12 tháng | state=AVG(Big4) | market=TOP3_TRUSTED_MEAN
2026-02-10 13:52:50,2026-02-10 13:50:23,4.92,5.32,0.4,fallback_trusted_mean,2,"VPBank, MB","5.8, 4.85",4,20,"Agribank, BIDV, Vietcombank, VietinBank",https://webgia.com/lai-suat/,term=12 tháng | state=AVG(Big4) | market=TOP3_TRUSTED_MEAN
2026-02-10 14:50:42,2026-02-10 14:50:23,4.92,5.32,0.4,fallback_trusted_mean,2,"VPBank, MB","5.8, 4.85",4,20,"Agribank, BIDV, Vietcombank, VietinBank",https://webgia.com/lai-suat/,term=12 tháng | state=AVG(Big4) | market=TOP3_TRUSTED_MEAN
2026-02-10 15:36:31,2026-02-10 15:30:23,4.92,5.32,0.4,fallback_trusted_mean,2,"VPBank, MB","5.8, 4.85",4,20,"Agribank, BIDV, Vietcombank, VietinBank",https://webgia.com/lai-suat/,term=12 tháng | state=AVG(Big4) | market=TOP3_TRUSTED_MEAN
2026-02-10 16:47:03,2026-02-10 16:40:23,4.92,5.32,0.4,fallback_trusted_mean,2,"VPBank, MB","5.8, 4.85",4,20,"Agribank, BIDV, Vietcombank, VietinBank",https://webgia.com/lai-suat/,term=12 tháng | state=AVG(Big4) | market=TOP3_TRUSTED_MEAN
2026-02-10 17:42:37,2026-02-10 17:40:23,4.92,5.32,0.4,fallback_trusted_mean,2,"VPBank, MB","5.8, 4.85",4,20,"Agribank, BIDV, Vietcombank, VietinBank",https://webgia.com/lai-suat/,term=12 tháng | state=AVG(Big4) | market=TOP3_TRUSTED_MEAN
2026-02-10 18:41:03,2026-02-10 18:40:23,4.92,5.32,0.4,fallback_trusted_mean,2,"VPBank, MB","5.8, 4.85",4,20,"Agribank, BIDV, Vietcombank, VietinBank",https://webgia.com/lai-suat/,term=12 tháng | state=AVG(Big4) | market=TOP3_TRUSTED_MEAN
2026-02-10 19:42:41,2026-02-10 18:50:23,4.92,5.32,0.4,fallback_trusted_mean,2,"VPBank, MB","5.8, 4.85",4,20,"Agribank, BIDV, Vietcombank, VietinBank",https://webgia.com/lai-suat/,term=12 tháng | state=AVG(Big4) | market=TOP3_TRUSTED_MEAN
2026-02-10 21:14:40,2026-02-10 18:50:23,4.92,5.32,0.4,fallback_trusted_mean,2,"VPBank, MB","5.8, 4.85",4,20,"Agribank, BIDV, Vietcombank, VietinBank",https://webgia.com/lai-suat/,term=12 tháng | state=AVG(Big4) | market=TOP3_TRUSTED_MEAN
2026-02-10 22:39:00,2026-02-10 18:50:23,4.92,5.32,0.4,fallback_trusted_mean,2,"VPBank, MB","5.8, 4.85",4,20,"Agribank, BIDV, Vietcombank, VietinBank",https://webgia.com/lai-suat/,term=12 tháng | state=AVG(Big4) | market=TOP3_TRUSTED_MEAN
2026-02-10 23:51:31,2026-02-10 18:50:23,4.92,5.32,0.4,fallback_trusted_mean,2,"VPBank, MB","5.8, 4.85",4,20,"Agribank, BIDV, Vietcombank, VietinBank",https://webgia.com/lai-suat/,term=12 tháng | state=AVG(Big4) | market=TOP3_TRUSTED_MEAN
2026-02-11 00:52:40,2026-02-10 18:50:23,4.92,5.32,0.4,fallback_trusted_mean,2,"VPBank, MB","5.8, 4.85",4,20,"Agribank, BIDV, Vietcombank, VietinBank",https://webgia.com/lai-suat/,term=12 tháng | state=AVG(Big4) | market=TOP3_TRUSTED_MEAN
2026-02-11 01:50:19,2026-02-10 18:50:23,4.92,5.32,0.4,fallback_trusted_mean,2,"VPBank, MB","5.8, 4.85",4,20,"Agribank, BIDV, Vietcombank, VietinBank",https://webgia.com/lai-suat/,term=12 tháng | state=AVG(Big4) | market=TOP3_TRUSTED_MEAN
2026-02-11 02:53:41,2026-02-10 18:50:23,4.92,5.32,0.4,fallback_trusted_mean,2,"VPBank, MB","5.8, 4.85",4,20,"Agribank, BIDV, Vietcombank, VietinBank",https://webgia.com/lai-suat/,term=12 tháng | state=AVG(Big4) | market=TOP3_TRUSTED_MEAN
2026-02-11 03:33:29,2026-02-10 18:50:23,4.92,5.32,0.4,fallback_trusted_mean,2,"VPBank, MB","5.8, 4.85",4,20,"Agribank, BIDV, Vietcombank, VietinBank",https://webgia.com/lai-suat/,term=12 tháng | state=AVG(Big4) | market=TOP3_TRUSTED_MEAN
2026-02-11 04:33:13,2026-02-10 18:50:23,4.92,5.32,0.4,fallback_trusted_mean,2,"VPBank, MB","5.8, 4.85",4,20,"Agribank, BIDV, Vietcombank, VietinBank",https://webgia.com/lai-suat/,term=12 tháng | state=AVG(Big4) | market=TOP3_TRUSTED_MEAN
2026-02-11 05:28:18,2026-02-10 18:50:23,4.92,5.32,0.4,fallback_trusted_mean,2,"VPBank, MB","5.8, 4.85",4,20,"Agribank, BIDV, Vietcombank, VietinBank",https://webgia.com/lai-suat/,term=12 tháng | state=AVG(Big4) | market=TOP3_TRUSTED_MEAN
2026-02-11 06:06:30,2026-02-10 18:50:23,4.92,5.32,0.4,fallback_trusted_mean,2,"VPBank, MB","5.8, 4.85",4,20,"Agribank, BIDV, Vietcombank, VietinBank",https://webgia.com/lai-suat/,term=12 tháng | state=AVG(Big4) | market=TOP3_TRUSTED_MEAN
2026-02-11 06:58:06,2026-02-10 18:50:23,4.92,5.32,0.4,fallback_trusted_mean,2,"VPBank, MB","5.8, 4.85",4,20,"Agribank, BIDV, Vietcombank, VietinBank",https://webgia.com/lai-suat/,term=12 tháng | state=AVG(Big4) | market=TOP3_TRUSTED_MEAN
2026-02-11 08:53:10,2026-02-11 08:50:23,4.92,5.32,0.4,fallback_trusted_mean,2,"VPBank, MB","5.8, 4.85",4,20,"Agribank, BIDV, Vietcombank, VietinBank",https://webgia.com/lai-suat/,term=12 tháng | state=AVG(Big4) | market=TOP3_TRUSTED_MEAN
2026-02-11 11:19:00,2026-02-11 11:10:23,4.92,5.32,0.4,fallback_trusted_mean,2,"VPBank, MB","5.8, 4.85",4,20,"Agribank, BIDV, Vietcombank, VietinBank",https://webgia.com/lai-suat/,term=12 tháng | state=AVG(Big4) | market=TOP3_TRUSTED_MEAN
2026-02-11 12:50:05,2026-02-11 12:40:23,4.92,5.32,0.4,fallback_trusted_mean,2,"VPBank, MB","5.8, 4.85",4,20,"Agribank, BIDV, Vietcombank, VietinBank",https://webgia.com/lai-suat/,term=12 tháng | state=AVG(Big4) | market=TOP3_TRUSTED_MEAN
2026-02-11 13:48:21,2026-02-11 13:40:23,4.92,5.32,0.4,fallback_trusted_mean,2,"VPBank, MB","5.8, 4.85",4,20,"Agribank, BIDV, Vietcombank, VietinBank",https://webgia.com/lai-suat/,term=12 tháng | state=AVG(Big4) | market=TOP3_TRUSTED_MEAN
2026-02-11 14:45:15,2026-02-11 14:40:23,4.92,5.32,0.4,fallback_trusted_mean,2,"VPBank, MB","5.8, 4.85",4,20,"Agribank, BIDV, Vietcombank, VietinBank",https://webgia.com/lai-suat/,term=12 tháng | state=AVG(Big4) | market=TOP3_TRUSTED_MEAN
2026-02-11 15:34:05,2026-02-11 15:30:23,4.92,5.32,0.4,fallback_trusted_mean,2,"VPBank, MB","5.8, 4.85",4,20,"Agribank, BIDV, Vietcombank, VietinBank",https://webgia.com/lai-suat/,term=12 tháng | state=AVG(Big4) | market=TOP3_TRUSTED_MEAN
2026-02-11 16:40:53,2026-02-11 16:40:23,4.92,5.32,0.4,fallback_trusted_mean,2,"VPBank, MB","5.8, 4.85",4,20,"Agribank, BIDV, Vietcombank, VietinBank",https://webgia.com/lai-suat/,term=12 tháng | state=AVG(Big4) | market=TOP3_TRUSTED_MEAN
2026-02-11 17:37:55,2026-02-11 17:30:23,4.92,5.32,0.4,fallback_trusted_mean,2,"VPBank, MB","5.8, 4.85",4,20,"Agribank, BIDV, Vietcombank, VietinBank",https://webgia.com/lai-suat/,term=12 tháng | state=AVG(Big4) | market=TOP3_TRUSTED_MEAN
2026-02-11 18:35:53,2026-02-11 18:30:23,4.92,5.32,0.4,fallback_trusted_mean,2,"VPBank, MB","5.8, 4.85",4,20,"Agribank, BIDV, Vietcombank, VietinBank",https://webgia.com/lai-suat/,term=12 tháng | state=AVG(Big4) | market=TOP3_TRUSTED_MEAN
2026-02-11 19:38:20,2026-02-11 18:50:23,4.92,5.32,0.4,fallback_trusted_mean,2,"VPBank, MB","5.8, 4.85",4,20,"Agribank, BIDV, Vietcombank, VietinBank",https://webgia.com/lai-suat/,term=12 tháng | state=AVG(Big4) | market=TOP3_TRUSTED_MEAN
2026-02-11 21:07:49,2026-02-11 18:50:23,4.92,5.32,0.4,fallback_trusted_mean,2,"VPBank, MB","5.8, 4.85",4,20,"Agribank, BIDV, Vietcombank, VietinBank",https://webgia.com/lai-suat/,term=12 tháng | state=AVG(Big4) | market=TOP3_TRUSTED_MEAN
2026-02-11 22:30:58,2026-02-11 18:50:23,4.92,5.32,0.4,fallback_trusted_mean,2,"VPBank, MB","5.8, 4.85",4,20,"Agribank, BIDV, Vietcombank, VietinBank",https://webgia.com/lai-suat/,term=12 tháng | state=AVG(Big4) | market=TOP3_TRUSTED_MEAN
2026-02-11 23:51:09,2026-02-11 18:50:23,4.92,5.32,0.4,fallback_trusted_mean,2,"VPBank, MB","5.8, 4.85",4,20,"Agribank, BIDV, Vietcombank, VietinBank",https://webgia.com/lai-suat/,term=12 tháng | state=AVG(Big4) | market=TOP3_TRUSTED_MEAN
2026-02-12 00:48:40,2026-02-11 18:50:23,4.92,5.32,0.4,fallback_trusted_mean,2,"VPBank, MB","5.8, 4.85",4,20,"Agribank, BIDV, Vietcombank, VietinBank",https://webgia.com/lai-suat/,term=12 tháng | state=AVG(Big4) | market=TOP3_TRUSTED_MEAN
2026-02-12 01:45:45,2026-02-11 18:50:23,4.92,5.32,0.4,fallback_trusted_mean,2,"VPBank, MB","5.8, 4.85",4,20,"Agribank, BIDV, Vietcombank, VietinBank",https://webgia.com/lai-suat/,term=12 tháng | state=AVG(Big4) | market=TOP3_TRUSTED_MEAN
2026-02-12 02:48:18,2026-02-11 18:50:23,4.92,5.32,0.4,fallback_trusted_mean,2,"VPBank, MB","5.8, 4.85",4,20,"Agribank, BIDV, Vietcombank, VietinBank",https://webgia.com/lai-suat/,term=12 tháng | state=AVG(Big4) | market=TOP3_TRUSTED_MEAN
2026-02-12 03:27:14,2026-02-11 18:50:23,4.92,5.32,0.4,fallback_trusted_mean,2,"VPBank, MB","5.8, 4.85",4,20,"Agribank, BIDV, Vietcombank, VietinBank",https://webgia.com/lai-suat/,term=12 tháng | state=AVG(Big4) | market=TOP3_TRUSTED_MEAN
2026-02-12 04:01:19,2026-02-11 18:50:23,4.92,5.32,0.4,fallback_trusted_mean,2,"VPBank, MB","5.8, 4.85",4,20,"Agribank, BIDV, Vietcombank, VietinBank",https://webgia.com/lai-suat/,term=12 tháng | state=AVG(Big4) | market=TOP3_TRUSTED_MEAN
2026-02-12 04:55:12,2026-02-11 18:50:23,4.92,5.32,0.4,fallback_trusted_mean,2,"VPBank, MB","5.8, 4.85",4,20,"Agribank, BIDV, Vietcombank, VietinBank",https://webgia.com/lai-suat/,term=12 tháng | state=AVG(Big4) | market=TOP3_TRUSTED_MEAN
2026-02-12 05:22:08,2026-02-11 18:50:23,4.92,5.32,0.4,fallback_trusted_mean,2,"VPBank, MB","5.8, 4.85",4,20,"Agribank, BIDV, Vietcombank, VietinBank",https://webgia.com/lai-suat/,term=12 tháng | state=AVG(Big4) | market=TOP3_TRUSTED_MEAN
2026-02-12 05:56:17,2026-02-11 18:50:23,4.92,5.32,0.4,fallback_trusted_mean,2,"VPBank, MB","5.8, 4.85",4,20,"Agribank, BIDV, Vietcombank, VietinBank",https://webgia.com/lai-suat/,term=12 tháng | state=AVG(Big4) | market=TOP3_TRUSTED_MEAN
2026-02-12 06:22:35,2026-02-11 18:50:23,4.92,5.32,0.4,fallback_trusted_mean,2,"VPBank, MB","5.8, 4.85",4,20,"Agribank, BIDV, Vietcombank, VietinBank",https://webgia.com/lai-suat/,term=12 tháng | state=AVG(Big4) | market=TOP3_TRUSTED_MEAN
2026-02-12 06:51:08,2026-02-11 18:50:23,4.92,5.32,0.4,fallback_trusted_mean,2,"VPBank, MB","5.8, 4.85",4,20,"Agribank, BIDV, Vietcombank, VietinBank",https://webgia.com/lai-suat/,term=12 tháng | state=AVG(Big4) | market=TOP3_TRUSTED_MEAN
2026-02-12 08:02:48,2026-02-12 08:00:23,4.92,5.32,0.4,fallback_trusted_mean,2,"VPBank, MB","5.8, 4.85",4,20,"Agribank, BIDV, Vietcombank, VietinBank",https://webgia.com/lai-suat/,term=12 tháng | state=AVG(Big4) | market=TOP3_TRUSTED_MEAN
2026-02-12 11:00:41,2026-02-12 11:00:23,4.92,5.32,0.4,fallback_trusted_mean,2,"VPBank, MB","5.8, 4.85",4,20,"Agribank, BIDV, Vietcombank, VietinBank",https://webgia.com/lai-suat/,term=12 tháng | state=AVG(Big4) | market=TOP3_TRUSTED_MEAN
2026-02-12 12:45:37,2026-02-12 12:40:23,4.92,5.32,0.4,fallback_trusted_mean,2,"VPBank, MB","5.8, 4.85",4,20,"Agribank, BIDV, Vietcombank, VietinBank",https://webgia.com/lai-suat/,term=12 tháng | state=AVG(Big4) | market=TOP3_TRUSTED_MEAN
2026-02-12 13:47:07,2026-02-12 13:40:23,4.92,5.32,0.4,fallback_trusted_mean,2,"VPBank, MB","5.8, 4.85",4,20,"Agribank, BIDV, Vietcombank, VietinBank",https://webgia.com/lai-suat/,term=12 tháng | state=AVG(Big4) | market=TOP3_TRUSTED_MEAN
2026-02-12 14:43:32,2026-02-12 14:40:23,4.92,5.32,0.4,fallback_trusted_mean,2,"VPBank, MB","5.8, 4.85",4,20,"Agribank, BIDV, Vietcombank, VietinBank",https://webgia.com/lai-suat/,term=12 tháng | state=AVG(Big4) | market=TOP3_TRUSTED_MEAN
2026-02-12 15:31:36,2026-02-12 15:30:23,4.92,5.32,0.4,fallback_trusted_mean,2,"VPBank, MB","5.8, 4.85",4,20,"Agribank, BIDV, Vietcombank, VietinBank",https://webgia.com/lai-suat/,term=12 tháng | state=AVG(Big4) | market=TOP3_TRUSTED_MEAN
2026-02-12 16:36:06,2026-02-12 16:30:23,4.92,5.32,0.4,fallback_trusted_mean,2,"VPBank, MB","5.8, 4.85",4,20,"Agribank, BIDV, Vietcombank, VietinBank",https://webgia.com/lai-suat/,term=12 tháng | state=AVG(Big4) | market=TOP3_TRUSTED_MEAN
2026-02-12 17:33:06,2026-02-12 17:30:23,4.92,5.32,0.4,fallback_trusted_mean,2,"VPBank, MB","5.8, 4.85",4,20,"Agribank, BIDV, Vietcombank, VietinBank",https://webgia.com/lai-suat/,term=12 tháng | state=AVG(Big4) | market=TOP3_TRUSTED_MEAN
2026-02-12 18:32:13,2026-02-12 18:30:23,4.92,5.32,0.4,fallback_trusted_mean,2,"VPBank, MB","5.8, 4.85",4,20,"Agribank, BIDV, Vietcombank, VietinBank",https://webgia.com/lai-suat/,term=12 tháng | state=AVG(Big4) | market=TOP3_TRUSTED_MEAN
2026-02-12 19:35:08,2026-02-12 18:50:23,4.92,5.32,0.4,fallback_trusted_mean,2,"VPBank, MB","5.8, 4.85",4,20,"Agribank, BIDV, Vietcombank, VietinBank",https://webgia.com/lai-suat/,term=12 tháng | state=AVG(Big4) | market=TOP3_TRUSTED_MEAN
2026-02-12 21:02:32,2026-02-12 18:50:23,4.92,5.32,0.4,fallback_trusted_mean,2,"VPBank, MB","5.8, 4.85",4,20,"Agribank, BIDV, Vietcombank, VietinBank",https://webgia.com/lai-suat/,term=12 tháng | state=AVG(Big4) | market=TOP3_TRUSTED_MEAN
2026-02-12 22:12:05,2026-02-12 18:50:23,4.92,5.32,0.4,fallback_trusted_mean,2,"VPBank, MB","5.8, 4.85",4,20,"Agribank, BIDV, Vietcombank, VietinBank",https://webgia.com/lai-suat/,term=12 tháng | state=AVG(Big4) | market=TOP3_TRUSTED_MEAN
2026-02-12 23:14:00,2026-02-12 18:50:23,4.92,5.32,0.4,fallback_trusted_mean,2,"VPBank, MB","5.8, 4.85",4,20,"Agribank, BIDV, Vietcombank, VietinBank",https://webgia.com/lai-suat/,term=12 tháng | state=AVG(Big4) | market=TOP3_TRUSTED_MEAN
2026-02-13 00:31:55,2026-02-12 18:50:23,4.92,5.32,0.4,fallback_trusted_mean,2,"VPBank, MB","5.8, 4.85",4,20,"Agribank, BIDV, Vietcombank, VietinBank",https://webgia.com/lai-suat/,term=12 tháng | state=AVG(Big4) | market=TOP3_TRUSTED_MEAN
2026-02-13 01:44:13,2026-02-12 18:50:23,4.92,5.32,0.4,fallback_trusted_mean,2,"VPBank, MB","5.8, 4.85",4,20,"Agribank, BIDV, Vietcombank, VietinBank",https://webgia.com/lai-suat/,term=12 tháng | state=AVG(Big4) | market=TOP3_TRUSTED_MEAN
2026-02-13 02:42:40,2026-02-12 18:50:23,4.92,5.32,0.4,fallback_trusted_mean,2,"VPBank, MB","5.8, 4.85",4,20,"Agribank, BIDV, Vietcombank, VietinBank",https://webgia.com/lai-suat/,term=12 tháng | state=AVG(Big4) | market=TOP3_TRUSTED_MEAN
2026-02-13 03:22:06,2026-02-12 18:50:23,4.92,5.32,0.4,fallback_trusted_mean,2,"VPBank, MB","5.8, 4.85",4,20,"Agribank, BIDV, Vietcombank, VietinBank",https://webgia.com/lai-suat/,term=12 tháng | state=AVG(Big4) | market=TOP3_TRUSTED_MEAN
2026-02-13 03:56:39,2026-02-12 18:50:23,4.92,5.32,0.4,fallback_trusted_mean,2,"VPBank, MB","5.8, 4.85",4,20,"Agribank, BIDV, Vietcombank, VietinBank",https://webgia.com/lai-suat/,term=12 tháng | state=AVG(Big4) | market=TOP3_TRUSTED_MEAN
2026-02-13 04:25:23,2026-02-12 18:50:23,4.92,5.32,0.4,fallback_trusted_mean,2,"VPBank, MB","5.8, 4.85",4,20,"Agribank, BIDV, Vietcombank, VietinBank",https://webgia.com/lai-suat/,term=12 tháng | state=AVG(Big4) | market=TOP3_TRUSTED_MEAN
2026-02-13 04:55:22,2026-02-12 18:50:23,4.92,5.32,0.4,fallback_trusted_mean,2,"VPBank, MB","5.8, 4.85",4,20,"Agribank, BIDV, Vietcombank, VietinBank",https://webgia.com/lai-suat/,term=12 tháng | state=AVG(Big4) | market=TOP3_TRUSTED_MEAN
2026-02-13 05:20:14,2026-02-12 18:50:23,4.92,5.32,0.4,fallback_trusted_mean,2,"VPBank, MB","5.8, 4.85",4,20,"Agribank, BIDV, Vietcombank, VietinBank",https://webgia.com/lai-suat/,term=12 tháng | state=AVG(Big4) | market=TOP3_TRUSTED_MEAN
2026-02-13 05:54:24,2026-02-12 18:50:23,4.92,5.32,0.4,fallback_trusted_mean,2,"VPBank, MB","5.8, 4.85",4,20,"Agribank, BIDV, Vietcombank, VietinBank",https://webgia.com/lai-suat/,term=12 tháng | state=AVG(Big4) | market=TOP3_TRUSTED_MEAN
2026-02-13 06:18:04,2026-02-12 18:50:23,4.92,5.32,0.4,fallback_trusted_mean,2,"VPBank, MB","5.8, 4.85",4,20,"Agribank, BIDV, Vietcombank, VietinBank",https://webgia.com/lai-suat/,term=12 tháng | state=AVG(Big4) | market=TOP3_TRUSTED_MEAN
2026-02-13 06:50:05,2026-02-12 18:50:23,4.92,5.32,0.4,fallback_trusted_mean,2,"VPBank, MB","5.8, 4.85",4,20,"Agribank, BIDV, Vietcombank, VietinBank",https://webgia.com/lai-suat/,term=12 tháng | state=AVG(Big4) | market=TOP3_TRUSTED_MEAN
2026-02-13 08:06:24,2026-02-13 08:00:23,4.92,5.32,0.4,fallback_trusted_mean,2,"VPBank, MB","5.8, 4.85",4,20,"Agribank, BIDV, Vietcombank, VietinBank",https://webgia.com/lai-suat/,term=12 tháng | state=AVG(Big4) | market=TOP3_TRUSTED_MEAN
2026-02-13 10:57:29,2026-02-13 10:50:23,4.92,5.32,0.4,fallback_trusted_mean,2,"VPBank, MB","5.8, 4.85",4,20,"Agribank, BIDV, Vietcombank, VietinBank",https://webgia.com/lai-suat/,term=12 tháng | state=AVG(Big4) | market=TOP3_TRUSTED_MEAN
2026-02-13 12:18:14,2026-02-13 12:10:23,4.92,5.32,0.4,fallback_trusted_mean,2,"VPBank, MB","5.8, 4.85",4,20,"Agribank, BIDV, Vietcombank, VietinBank",https://webgia.com/lai-suat/,term=12 tháng | state=AVG(Big4) | market=TOP3_TRUSTED_MEAN
2026-02-13 13:33:02,2026-02-13 13:30:23,4.92,5.32,0.4,fallback_trusted_mean,2,"VPBank, MB","5.8, 4.85",4,20,"Agribank, BIDV, Vietcombank, VietinBank",https://webgia.com/lai-suat/,term=12 tháng | state=AVG(Big4) | market=TOP3_TRUSTED_MEAN
2026-02-13 14:41:41,2026-02-13 14:40:23,4.92,5.32,0.4,fallback_trusted_mean,2,"VPBank, MB","5.8, 4.85",4,20,"Agribank, BIDV, Vietcombank, VietinBank",https://webgia.com/lai-suat/,term=12 tháng | state=AVG(Big4) | market=TOP3_TRUSTED_MEAN
2026-02-13 15:29:24,2026-02-13 15:20:23,4.92,5.32,0.4,fallback_trusted_mean,2,"VPBank, MB","5.8, 4.85",4,20,"Agribank, BIDV, Vietcombank, VietinBank",https://webgia.com/lai-suat/,term=12 tháng | state=AVG(Big4) | market=TOP3_TRUSTED_MEAN
2026-02-13 16:09:24,2026-02-13 16:00:24,4.92,5.32,0.4,fallback_trusted_mean,2,"VPBank, MB","5.8, 4.85",4,20,"Agribank, BIDV, Vietcombank, VietinBank",https://webgia.com/lai-suat/,term=12 tháng | state=AVG(Big4) | market=TOP3_TRUSTED_MEAN
